Free Text Search, Free Text Search
Quick Search, Quick Search
Limit characters, Limit characters
Quick Search Setting, Quick Search Setting
Search product by SKU, Search product by SKU
Search product by manufacturer, Search product by manufacturer
Search product by product description, Search product by product description
Show CMS page content, Show CMS page content
Most relevant results, Most relevant results
Products, Products
Manufacturer, Manufacturer
Price, Price
SKU, SKU
CMS Pages, CMS Pages
Search results, Search results
Search entire store here…, Search entire store here…
Search results for '%s', Search results for '%s'
Search results for: '%s', Search results for: '%s'
Search:, Search:
